respondent_id,age,gender_id,country_id,company_id
1,27.0,21.0,69.0,8.0
2,31.0,102.0,69.0,8.0
3,36.0,102.0,70.0,11.0
4,22.0,45.0,70.0,12.0
5,52.0,91.0,70.0,
6,30.0,102.0,70.0,8.0
7,36.0,18.0,70.0,11.0
8,38.0,21.0,70.0,9.0
9,35.0,45.0,65.0,2.0
10,36.0,102.0,31.0,
11,40.0,40.0,70.0,2.0
12,35.0,45.0,70.0,8.0
13,23.0,45.0,54.0,12.0
14,22.0,21.0,70.0,12.0
15,34.0,91.0,70.0,9.0
16,28.0,45.0,70.0,2.0
17,38.0,102.0,7.0,3.0
18,53.0,45.0,70.0,
19,21.0,45.0,25.0,11.0
20,35.0,18.0,69.0,6.0
21,22.0,45.0,69.0,11.0
22,18.0,45.0,69.0,2.0
23,37.0,91.0,70.0,3.0
24,25.0,45.0,69.0,7.0
25,40.0,102.0,13.0,8.0
26,33.0,45.0,34.0,11.0
27,66.0,18.0,70.0,6.0
28,31.0,91.0,70.0,2.0
29,32.0,45.0,13.0,2.0
30,46.0,40.0,70.0,
31,30.0,91.0,70.0,8.0
32,31.0,52.0,70.0,8.0
33,46.0,45.0,30.0,8.0
34,29.0,,13.0,
35,28.0,89.0,70.0,6.0
36,34.0,21.0,36.0,5.0
37,25.0,45.0,70.0,9.0
38,35.0,45.0,70.0,2.0
39,25.0,,32.0,
40,40.0,102.0,70.0,8.0
41,32.0,40.0,70.0,2.0
42,39.0,45.0,70.0,2.0
43,33.0,102.0,70.0,10.0
44,40.0,45.0,70.0,8.0
45,42.0,102.0,70.0,10.0
46,32.0,45.0,70.0,6.0
47,27.0,21.0,70.0,6.0
48,43.0,21.0,69.0,
49,30.0,91.0,32.0,5.0
50,39.0,102.0,70.0,3.0
51,42.0,21.0,70.0,11.0
52,37.0,30.0,13.0,11.0
53,38.0,21.0,70.0,4.0
54,47.0,45.0,69.0,12.0
55,64.0,102.0,69.0,10.0
56,28.0,45.0,13.0,2.0
57,45.0,45.0,70.0,
58,37.0,40.0,69.0,8.0
59,30.0,21.0,69.0,9.0
60,25.0,45.0,69.0,2.0
61,25.0,21.0,69.0,9.0
62,54.0,21.0,70.0,
63,61.0,45.0,69.0,10.0
64,26.0,102.0,31.0,12.0
65,44.0,21.0,70.0,6.0
66,26.0,102.0,52.0,11.0
67,26.0,21.0,52.0,9.0
68,35.0,91.0,70.0,11.0
69,45.0,45.0,70.0,9.0
70,23.0,45.0,70.0,9.0
71,44.0,45.0,70.0,6.0
72,38.0,102.0,70.0,6.0
73,46.0,45.0,70.0,4.0
74,27.0,60.0,70.0,4.0
75,39.0,91.0,70.0,2.0
76,33.0,22.0,70.0,9.0
77,38.0,91.0,70.0,
78,35.0,45.0,69.0,3.0
79,32.0,102.0,18.0,12.0
80,26.0,21.0,70.0,12.0
81,50.0,85.0,70.0,8.0
82,31.0,45.0,70.0,8.0
83,46.0,45.0,53.0,12.0
84,30.0,45.0,70.0,9.0
85,30.0,43.0,70.0,12.0
86,34.0,102.0,25.0,8.0
87,42.0,45.0,69.0,6.0
88,24.0,21.0,70.0,12.0
89,30.0,45.0,70.0,
90,23.0,45.0,13.0,9.0
91,31.0,91.0,70.0,8.0
92,31.0,102.0,22.0,9.0
93,27.0,72.0,70.0,8.0
94,26.0,45.0,49.0,
95,52.0,21.0,70.0,4.0
96,28.0,45.0,9.0,
97,37.0,102.0,70.0,7.0
98,37.0,102.0,13.0,4.0
99,38.0,45.0,70.0,6.0
100,57.0,21.0,70.0,
101,34.0,45.0,70.0,12.0
102,38.0,91.0,25.0,12.0
103,30.0,45.0,70.0,9.0
104,52.0,45.0,70.0,6.0
105,31.0,21.0,70.0,
106,29.0,45.0,25.0,
107,26.0,21.0,69.0,11.0
108,29.0,91.0,70.0,3.0
109,44.0,45.0,70.0,12.0
110,18.0,105.0,13.0,
111,42.0,45.0,5.0,12.0
112,30.0,45.0,70.0,5.0
113,29.0,40.0,70.0,8.0
114,27.0,21.0,70.0,12.0
115,39.0,45.0,70.0,12.0
116,40.0,91.0,70.0,8.0
117,36.0,91.0,70.0,12.0
118,48.0,91.0,70.0,
119,43.0,102.0,70.0,12.0
120,38.0,52.0,70.0,8.0
121,42.0,45.0,70.0,9.0
122,46.0,45.0,69.0,10.0
123,30.0,102.0,70.0,6.0
124,25.0,45.0,69.0,5.0
125,28.0,,13.0,10.0
126,24.0,21.0,25.0,8.0
127,26.0,102.0,69.0,7.0
128,43.0,79.0,70.0,12.0
129,25.0,21.0,70.0,6.0
130,34.0,102.0,70.0,6.0
131,28.0,91.0,70.0,9.0
132,27.0,45.0,61.0,9.0
133,22.0,45.0,31.0,9.0
134,24.0,91.0,53.0,9.0
135,33.0,91.0,49.0,
136,41.0,100.0,25.0,
137,26.0,21.0,69.0,9.0
138,39.0,45.0,70.0,
139,24.0,102.0,70.0,7.0
140,54.0,45.0,70.0,12.0
141,47.0,100.0,70.0,6.0
142,33.0,45.0,64.0,12.0
143,30.0,,70.0,8.0
144,48.0,45.0,70.0,6.0
145,35.0,102.0,70.0,12.0
146,34.0,45.0,70.0,3.0
147,31.0,45.0,57.0,
148,25.0,102.0,70.0,10.0
149,48.0,102.0,62.0,12.0
150,34.0,45.0,70.0,2.0
151,42.0,40.0,70.0,8.0
152,27.0,45.0,70.0,8.0
153,33.0,21.0,70.0,12.0
154,27.0,21.0,70.0,9.0
155,48.0,100.0,70.0,10.0
156,32.0,89.0,70.0,12.0
157,29.0,45.0,70.0,8.0
158,36.0,21.0,70.0,
159,29.0,21.0,69.0,
160,23.0,91.0,13.0,8.0
161,50.0,21.0,70.0,6.0
162,24.0,91.0,37.0,
163,29.0,21.0,29.0,11.0
164,42.0,91.0,70.0,6.0
165,35.0,45.0,5.0,
166,22.0,45.0,70.0,8.0
167,39.0,21.0,70.0,10.0
168,29.0,95.0,13.0,11.0
169,20.0,45.0,31.0,
170,36.0,91.0,69.0,1.0
171,30.0,90.0,17.0,8.0
172,36.0,102.0,70.0,
173,31.0,45.0,61.0,11.0
174,28.0,102.0,70.0,11.0
175,28.0,47.0,70.0,3.0
176,25.0,21.0,70.0,6.0
177,30.0,102.0,11.0,9.0
178,45.0,100.0,46.0,
179,31.0,45.0,35.0,8.0
180,36.0,45.0,53.0,8.0
181,37.0,102.0,4.0,11.0
182,37.0,45.0,70.0,9.0
183,28.0,102.0,54.0,
184,37.0,102.0,62.0,9.0
185,37.0,102.0,11.0,9.0
186,64.0,100.0,5.0,
187,34.0,91.0,25.0,
188,34.0,45.0,27.0,
189,36.0,45.0,62.0,
190,26.0,100.0,10.0,
191,33.0,102.0,29.0,8.0
192,47.0,89.0,70.0,10.0
193,24.0,21.0,70.0,8.0
194,26.0,45.0,70.0,8.0
195,37.0,45.0,5.0,12.0
196,29.0,45.0,70.0,12.0
197,33.0,21.0,70.0,9.0
198,44.0,102.0,70.0,12.0
199,34.0,21.0,70.0,12.0
200,35.0,45.0,70.0,12.0
201,32.0,118.0,70.0,8.0
202,23.0,,13.0,
203,31.0,45.0,70.0,12.0
204,30.0,40.0,70.0,8.0
205,42.0,103.0,69.0,
206,26.0,92.0,70.0,12.0
207,29.0,21.0,25.0,2.0
208,35.0,45.0,70.0,6.0
209,31.0,45.0,62.0,
210,26.0,34.0,70.0,12.0
211,30.0,45.0,70.0,8.0
212,39.0,40.0,70.0,4.0
213,29.0,45.0,62.0,9.0
214,27.0,45.0,62.0,9.0
215,29.0,45.0,62.0,9.0
216,43.0,45.0,62.0,9.0
217,31.0,45.0,62.0,11.0
218,27.0,21.0,62.0,9.0
219,36.0,45.0,27.0,9.0
220,44.0,22.0,70.0,10.0
221,44.0,9.0,70.0,12.0
222,27.0,91.0,70.0,12.0
223,42.0,21.0,70.0,12.0
224,28.0,102.0,70.0,12.0
225,43.0,45.0,70.0,5.0
226,28.0,21.0,13.0,
227,49.0,21.0,70.0,12.0
228,32.0,45.0,23.0,11.0
229,33.0,40.0,70.0,8.0
230,45.0,45.0,70.0,11.0
231,25.0,21.0,70.0,9.0
232,42.0,45.0,70.0,9.0
233,25.0,45.0,70.0,11.0
234,25.0,21.0,70.0,8.0
235,31.0,21.0,33.0,10.0
236,22.0,21.0,70.0,3.0
237,33.0,89.0,70.0,
238,40.0,45.0,31.0,12.0
239,28.0,45.0,70.0,9.0
240,37.0,45.0,70.0,8.0
241,35.0,45.0,13.0,12.0
242,47.0,45.0,70.0,
243,20.0,45.0,69.0,9.0
244,27.0,21.0,62.0,12.0
245,62.0,21.0,70.0,2.0
246,42.0,102.0,70.0,
247,35.0,45.0,70.0,
248,29.0,45.0,25.0,9.0
249,37.0,45.0,69.0,12.0
250,51.0,45.0,70.0,12.0
251,60.0,45.0,70.0,6.0
252,30.0,18.0,70.0,
253,36.0,89.0,70.0,8.0
254,38.0,100.0,70.0,9.0
255,30.0,72.0,43.0,8.0
256,35.0,45.0,69.0,8.0
257,50.0,91.0,69.0,
258,41.0,45.0,69.0,12.0
259,58.0,91.0,70.0,
260,27.0,45.0,70.0,1.0
261,53.0,107.0,65.0,2.0
262,42.0,21.0,70.0,5.0
263,33.0,102.0,25.0,3.0
264,25.0,60.0,70.0,8.0
265,40.0,45.0,70.0,11.0
266,25.0,54.0,70.0,5.0
267,49.0,91.0,70.0,8.0
268,44.0,21.0,70.0,11.0
269,30.0,45.0,70.0,8.0
270,28.0,45.0,70.0,8.0
271,26.0,40.0,70.0,8.0
272,31.0,45.0,70.0,9.0
273,32.0,45.0,70.0,11.0
274,24.0,45.0,70.0,8.0
275,34.0,102.0,70.0,8.0
276,31.0,91.0,70.0,8.0
277,47.0,45.0,70.0,8.0
278,59.0,102.0,70.0,8.0
279,44.0,102.0,70.0,8.0
280,26.0,45.0,70.0,8.0
281,43.0,45.0,70.0,
282,39.0,45.0,69.0,
283,43.0,40.0,70.0,7.0
284,40.0,45.0,69.0,
285,22.0,102.0,25.0,7.0
286,24.0,100.0,45.0,11.0
287,35.0,102.0,70.0,10.0
288,40.0,45.0,70.0,9.0
289,26.0,45.0,13.0,
290,23.0,45.0,10.0,
291,30.0,45.0,70.0,2.0
292,37.0,45.0,70.0,4.0
293,27.0,45.0,70.0,7.0
294,42.0,102.0,70.0,8.0
295,49.0,45.0,70.0,8.0
296,40.0,45.0,70.0,9.0
297,26.0,91.0,70.0,8.0
298,29.0,45.0,70.0,10.0
299,39.0,18.0,70.0,9.0
300,40.0,40.0,70.0,6.0
301,23.0,102.0,68.0,9.0
302,50.0,40.0,70.0,9.0
303,35.0,45.0,70.0,6.0
304,24.0,45.0,43.0,8.0
305,35.0,91.0,70.0,9.0
306,36.0,45.0,70.0,9.0
307,50.0,21.0,70.0,9.0
308,47.0,91.0,70.0,9.0
309,30.0,100.0,70.0,9.0
310,30.0,100.0,70.0,8.0
311,32.0,45.0,70.0,8.0
312,38.0,,70.0,8.0
313,38.0,45.0,70.0,9.0
314,38.0,45.0,70.0,8.0
315,26.0,21.0,70.0,12.0
316,45.0,91.0,70.0,12.0
317,37.0,21.0,70.0,10.0
318,24.0,21.0,70.0,8.0
319,33.0,21.0,70.0,8.0
320,35.0,91.0,70.0,8.0
321,44.0,45.0,70.0,8.0
322,27.0,91.0,70.0,8.0
323,33.0,45.0,70.0,8.0
324,28.0,21.0,70.0,8.0
325,35.0,45.0,70.0,6.0
326,23.0,45.0,70.0,12.0
327,53.0,45.0,5.0,
328,32.0,45.0,45.0,11.0
329,24.0,102.0,25.0,
330,31.0,45.0,64.0,8.0
331,33.0,45.0,33.0,11.0
332,37.0,45.0,69.0,8.0
333,27.0,102.0,65.0,11.0
334,31.0,102.0,45.0,11.0
335,32.0,45.0,68.0,
336,40.0,45.0,69.0,12.0
337,32.0,45.0,62.0,12.0
338,31.0,45.0,31.0,
339,33.0,45.0,70.0,8.0
340,21.0,,70.0,11.0
341,67.0,91.0,70.0,
342,35.0,12.0,69.0,
343,46.0,102.0,33.0,
344,36.0,45.0,70.0,6.0
345,44.0,89.0,5.0,11.0
346,57.0,45.0,70.0,6.0
347,38.0,91.0,70.0,11.0
348,27.0,91.0,70.0,8.0
349,26.0,45.0,5.0,6.0
350,36.0,100.0,70.0,12.0
351,30.0,45.0,69.0,7.0
352,35.0,45.0,69.0,12.0
353,30.0,45.0,4.0,9.0
354,32.0,45.0,46.0,9.0
355,35.0,102.0,23.0,8.0
356,33.0,45.0,5.0,10.0
357,48.0,45.0,46.0,11.0
358,32.0,45.0,45.0,9.0
359,45.0,40.0,69.0,8.0
360,31.0,102.0,53.0,10.0
361,40.0,45.0,62.0,6.0
362,37.0,102.0,70.0,3.0
363,29.0,102.0,51.0,8.0
364,26.0,102.0,70.0,8.0
365,51.0,21.0,70.0,8.0
366,29.0,102.0,25.0,
367,30.0,45.0,69.0,
368,33.0,91.0,70.0,9.0
369,27.0,45.0,70.0,8.0
370,42.0,45.0,70.0,11.0
371,47.0,102.0,5.0,11.0
372,31.0,21.0,45.0,9.0
373,32.0,45.0,69.0,6.0
374,60.0,46.0,45.0,
375,58.0,45.0,9.0,8.0
376,38.0,45.0,9.0,
377,42.0,91.0,62.0,11.0
378,41.0,45.0,25.0,8.0
379,25.0,45.0,31.0,12.0
380,31.0,21.0,70.0,12.0
381,42.0,102.0,4.0,
382,42.0,45.0,70.0,9.0
383,41.0,45.0,70.0,12.0
384,35.0,57.0,70.0,12.0
385,24.0,45.0,43.0,12.0
386,37.0,45.0,70.0,12.0
387,32.0,45.0,36.0,12.0
388,34.0,40.0,31.0,4.0
389,37.0,45.0,58.0,6.0
390,38.0,45.0,23.0,
391,30.0,102.0,70.0,9.0
392,27.0,45.0,23.0,12.0
393,41.0,21.0,70.0,6.0
394,41.0,40.0,70.0,11.0
395,39.0,102.0,70.0,9.0
396,42.0,102.0,70.0,12.0
397,28.0,21.0,70.0,7.0
398,29.0,45.0,70.0,11.0
399,41.0,49.0,5.0,
400,46.0,45.0,70.0,12.0
401,38.0,45.0,62.0,10.0
402,34.0,45.0,70.0,12.0
403,28.0,45.0,25.0,11.0
404,28.0,22.0,45.0,9.0
405,38.0,81.0,25.0,9.0
406,33.0,45.0,70.0,6.0
407,38.0,91.0,70.0,9.0
408,48.0,45.0,70.0,2.0
409,44.0,72.0,23.0,7.0
410,34.0,45.0,70.0,12.0
411,29.0,21.0,70.0,8.0
412,39.0,102.0,69.0,6.0
413,41.0,100.0,59.0,8.0
414,33.0,45.0,70.0,8.0
415,31.0,102.0,25.0,
416,44.0,45.0,23.0,12.0
417,33.0,21.0,70.0,2.0
418,26.0,5.0,6.0,9.0
419,28.0,45.0,61.0,9.0
420,32.0,21.0,70.0,11.0
421,35.0,21.0,33.0,12.0
422,40.0,45.0,23.0,6.0
423,30.0,45.0,70.0,4.0
424,34.0,45.0,70.0,12.0
425,21.0,45.0,70.0,9.0
426,37.0,102.0,23.0,6.0
427,27.0,45.0,8.0,
428,37.0,45.0,70.0,
429,33.0,45.0,69.0,8.0
430,28.0,45.0,70.0,12.0
431,41.0,102.0,70.0,12.0
432,34.0,102.0,25.0,9.0
433,37.0,45.0,69.0,
434,28.0,45.0,70.0,12.0
435,52.0,45.0,25.0,6.0
436,39.0,45.0,69.0,8.0
437,45.0,45.0,70.0,11.0
438,50.0,45.0,45.0,
439,27.0,45.0,23.0,8.0
440,31.0,89.0,70.0,12.0
441,44.0,45.0,45.0,8.0
442,31.0,102.0,23.0,11.0
443,23.0,50.0,54.0,7.0
444,23.0,45.0,70.0,8.0
445,38.0,45.0,23.0,8.0
446,37.0,102.0,70.0,9.0
447,33.0,45.0,23.0,11.0
448,34.0,45.0,70.0,
449,47.0,46.0,70.0,6.0
450,29.0,21.0,70.0,9.0
451,38.0,102.0,70.0,6.0
452,29.0,45.0,13.0,8.0
453,37.0,45.0,70.0,8.0
454,39.0,40.0,31.0,
455,29.0,21.0,70.0,8.0
456,57.0,89.0,13.0,
457,27.0,21.0,70.0,11.0
458,38.0,21.0,70.0,6.0
459,39.0,102.0,23.0,
460,29.0,45.0,65.0,12.0
461,24.0,45.0,69.0,2.0
462,30.0,91.0,69.0,9.0
463,32.0,45.0,70.0,10.0
464,37.0,40.0,70.0,8.0
465,34.0,102.0,46.0,11.0
466,52.0,100.0,70.0,8.0
467,36.0,45.0,70.0,2.0
468,52.0,45.0,70.0,2.0
469,49.0,21.0,70.0,8.0
470,30.0,102.0,70.0,12.0
471,41.0,102.0,5.0,11.0
472,29.0,45.0,70.0,6.0
473,37.0,,70.0,12.0
474,29.0,21.0,70.0,8.0
475,39.0,91.0,70.0,10.0
476,30.0,18.0,70.0,8.0
477,23.0,119.0,70.0,9.0
478,29.0,89.0,70.0,12.0
479,38.0,45.0,70.0,9.0
480,41.0,91.0,70.0,12.0
481,47.0,45.0,70.0,8.0
482,56.0,72.0,70.0,11.0
483,22.0,45.0,70.0,8.0
484,32.0,91.0,70.0,8.0
485,30.0,91.0,70.0,11.0
486,31.0,115.0,70.0,8.0
487,36.0,40.0,70.0,8.0
488,32.0,45.0,70.0,8.0
489,37.0,21.0,70.0,11.0
490,29.0,45.0,70.0,5.0
491,31.0,21.0,70.0,9.0
492,39.0,45.0,70.0,8.0
493,36.0,45.0,36.0,2.0
494,27.0,,70.0,
495,38.0,45.0,69.0,12.0
496,37.0,102.0,70.0,
497,33.0,91.0,70.0,8.0
498,38.0,45.0,67.0,11.0
499,36.0,93.0,70.0,8.0
500,30.0,21.0,70.0,8.0
501,38.0,45.0,70.0,9.0
502,35.0,91.0,13.0,9.0
503,26.0,45.0,70.0,11.0
504,25.0,45.0,69.0,2.0
505,40.0,102.0,70.0,8.0
506,31.0,45.0,13.0,11.0
507,49.0,45.0,70.0,9.0
508,30.0,45.0,45.0,9.0
509,35.0,45.0,70.0,2.0
510,46.0,45.0,70.0,2.0
511,29.0,21.0,70.0,8.0
512,22.0,45.0,70.0,3.0
513,50.0,91.0,70.0,8.0
514,39.0,102.0,70.0,11.0
515,40.0,45.0,69.0,5.0
516,31.0,45.0,70.0,8.0
517,38.0,45.0,70.0,
518,45.0,45.0,70.0,6.0
519,31.0,21.0,70.0,8.0
520,25.0,89.0,70.0,8.0
521,28.0,21.0,70.0,4.0
522,37.0,45.0,69.0,12.0
523,54.0,40.0,70.0,7.0
524,45.0,21.0,70.0,12.0
525,36.0,45.0,70.0,10.0
526,34.0,21.0,70.0,6.0
527,28.0,45.0,70.0,8.0
528,32.0,45.0,70.0,6.0
529,40.0,102.0,45.0,
530,52.0,24.0,70.0,10.0
531,33.0,45.0,70.0,9.0
532,41.0,21.0,70.0,8.0
533,25.0,21.0,70.0,8.0
534,33.0,73.0,13.0,
535,36.0,16.0,70.0,9.0
536,40.0,102.0,65.0,
537,23.0,21.0,70.0,8.0
538,37.0,100.0,13.0,11.0
539,42.0,45.0,70.0,2.0
540,35.0,21.0,70.0,2.0
541,32.0,21.0,70.0,8.0
542,23.0,45.0,70.0,8.0
543,35.0,21.0,70.0,8.0
544,34.0,91.0,70.0,8.0
545,24.0,91.0,70.0,8.0
546,38.0,100.0,70.0,8.0
547,42.0,45.0,69.0,8.0
548,23.0,21.0,70.0,8.0
549,39.0,,70.0,8.0
550,30.0,45.0,70.0,8.0
551,35.0,21.0,70.0,8.0
552,29.0,21.0,70.0,8.0
553,24.0,91.0,70.0,8.0
554,35.0,100.0,70.0,10.0
555,30.0,102.0,70.0,8.0
556,28.0,18.0,70.0,11.0
557,32.0,18.0,70.0,8.0
558,34.0,45.0,70.0,8.0
559,33.0,45.0,70.0,9.0
560,32.0,102.0,70.0,8.0
561,27.0,21.0,70.0,8.0
562,23.0,21.0,70.0,8.0
563,30.0,45.0,45.0,2.0
564,24.0,45.0,70.0,8.0
565,34.0,21.0,70.0,8.0
566,32.0,102.0,70.0,8.0
567,41.0,91.0,70.0,8.0
568,37.0,45.0,70.0,8.0
569,27.0,45.0,18.0,
570,26.0,45.0,70.0,9.0
571,24.0,102.0,70.0,11.0
572,44.0,45.0,70.0,9.0
573,40.0,45.0,25.0,12.0
574,42.0,45.0,70.0,
575,27.0,56.0,70.0,6.0
576,40.0,40.0,70.0,11.0
577,38.0,32.0,70.0,6.0
578,34.0,45.0,70.0,10.0
579,27.0,91.0,70.0,9.0
580,34.0,46.0,70.0,6.0
581,26.0,102.0,70.0,9.0
582,33.0,21.0,70.0,
583,39.0,45.0,70.0,8.0
584,33.0,33.0,69.0,2.0
585,37.0,89.0,70.0,4.0
586,30.0,45.0,70.0,3.0
587,22.0,45.0,69.0,11.0
588,29.0,45.0,70.0,
589,51.0,21.0,70.0,11.0
590,24.0,46.0,70.0,6.0
591,37.0,45.0,70.0,12.0
592,46.0,40.0,70.0,4.0
593,43.0,45.0,13.0,
594,50.0,40.0,70.0,6.0
595,30.0,45.0,70.0,8.0
596,27.0,45.0,70.0,9.0
597,31.0,102.0,69.0,
598,32.0,102.0,70.0,12.0
599,34.0,45.0,70.0,11.0
600,49.0,100.0,70.0,
601,37.0,100.0,13.0,
602,35.0,83.0,70.0,10.0
603,33.0,60.0,65.0,8.0
604,32.0,45.0,31.0,9.0
605,31.0,45.0,70.0,6.0
606,33.0,45.0,70.0,6.0
607,40.0,21.0,70.0,12.0
608,40.0,102.0,70.0,10.0
609,56.0,45.0,70.0,
610,28.0,60.0,70.0,9.0
611,25.0,46.0,70.0,1.0
612,48.0,45.0,70.0,11.0
613,43.0,78.0,70.0,6.0
614,29.0,45.0,70.0,9.0
615,36.0,112.0,70.0,6.0
616,34.0,45.0,70.0,8.0
617,31.0,91.0,70.0,9.0
618,33.0,46.0,69.0,12.0
619,49.0,45.0,70.0,6.0
620,38.0,45.0,69.0,
621,30.0,21.0,5.0,11.0
622,36.0,45.0,69.0,
623,32.0,119.0,70.0,2.0
624,36.0,102.0,70.0,
625,40.0,19.0,70.0,8.0
626,28.0,45.0,69.0,9.0
627,21.0,21.0,31.0,12.0
628,46.0,45.0,70.0,10.0
629,20.0,102.0,25.0,11.0
630,30.0,45.0,70.0,6.0
631,44.0,91.0,70.0,8.0
632,34.0,45.0,69.0,
633,38.0,27.0,70.0,
634,35.0,45.0,70.0,11.0
635,45.0,21.0,70.0,
636,35.0,45.0,69.0,8.0
637,30.0,102.0,70.0,11.0
638,22.0,21.0,70.0,8.0
639,33.0,45.0,70.0,
640,30.0,102.0,31.0,
641,41.0,45.0,70.0,8.0
642,32.0,45.0,70.0,9.0
643,48.0,45.0,70.0,8.0
644,32.0,102.0,25.0,9.0
645,30.0,45.0,70.0,4.0
646,45.0,21.0,70.0,3.0
647,31.0,21.0,70.0,
648,32.0,74.0,69.0,9.0
649,30.0,100.0,70.0,6.0
650,32.0,45.0,70.0,11.0
651,37.0,21.0,70.0,8.0
652,30.0,45.0,70.0,
653,31.0,116.0,45.0,
654,30.0,45.0,70.0,11.0
655,35.0,21.0,69.0,8.0
656,37.0,45.0,70.0,12.0
657,26.0,45.0,69.0,9.0
658,50.0,102.0,70.0,9.0
659,32.0,100.0,70.0,11.0
660,32.0,102.0,70.0,8.0
661,23.0,45.0,70.0,7.0
662,40.0,89.0,70.0,9.0
663,36.0,40.0,70.0,7.0
664,24.0,91.0,70.0,9.0
665,29.0,18.0,70.0,11.0
666,28.0,45.0,70.0,9.0
667,51.0,102.0,70.0,9.0
668,36.0,45.0,70.0,9.0
669,40.0,102.0,70.0,9.0
670,39.0,40.0,13.0,8.0
671,32.0,89.0,45.0,8.0
672,45.0,45.0,70.0,2.0
673,39.0,45.0,70.0,10.0
674,33.0,100.0,70.0,
675,46.0,100.0,70.0,12.0
676,34.0,45.0,70.0,9.0
677,30.0,45.0,23.0,11.0
678,31.0,45.0,70.0,11.0
679,28.0,45.0,70.0,9.0
680,31.0,45.0,69.0,
681,32.0,45.0,69.0,2.0
682,39.0,102.0,70.0,12.0
683,45.0,18.0,70.0,12.0
684,26.0,45.0,70.0,
685,36.0,21.0,70.0,12.0
686,26.0,45.0,70.0,10.0
687,55.0,91.0,70.0,11.0
688,32.0,18.0,13.0,
689,40.0,71.0,70.0,12.0
690,27.0,91.0,70.0,6.0
691,45.0,91.0,70.0,6.0
692,34.0,91.0,70.0,9.0
693,31.0,45.0,70.0,4.0
694,29.0,91.0,13.0,
695,31.0,45.0,64.0,
696,40.0,45.0,70.0,2.0
697,41.0,45.0,70.0,3.0
698,39.0,40.0,70.0,8.0
699,39.0,45.0,70.0,11.0
700,35.0,21.0,70.0,
701,37.0,100.0,70.0,12.0
702,32.0,45.0,23.0,5.0
703,24.0,52.0,23.0,8.0
704,40.0,18.0,23.0,12.0
705,25.0,12.0,70.0,3.0
706,49.0,45.0,69.0,9.0
707,28.0,45.0,70.0,2.0
708,22.0,45.0,70.0,11.0
709,41.0,45.0,70.0,12.0
710,36.0,45.0,70.0,9.0
711,32.0,45.0,70.0,7.0
712,23.0,45.0,70.0,4.0
713,53.0,40.0,70.0,8.0
714,34.0,45.0,70.0,8.0
715,30.0,45.0,70.0,6.0
716,23.0,45.0,70.0,
717,30.0,45.0,70.0,8.0
718,22.0,18.0,70.0,11.0
719,27.0,21.0,70.0,9.0
720,47.0,,39.0,
721,33.0,91.0,70.0,11.0
722,28.0,102.0,70.0,9.0
723,36.0,102.0,70.0,9.0
724,25.0,21.0,70.0,11.0
725,30.0,21.0,70.0,6.0
726,39.0,45.0,70.0,6.0
727,31.0,,70.0,8.0
728,48.0,45.0,70.0,6.0
729,43.0,45.0,70.0,8.0
730,35.0,102.0,70.0,12.0
731,31.0,91.0,70.0,2.0
732,28.0,45.0,31.0,9.0
733,27.0,102.0,70.0,7.0
734,28.0,45.0,70.0,7.0
735,43.0,21.0,70.0,10.0
736,31.0,18.0,70.0,12.0
737,37.0,102.0,70.0,12.0
738,36.0,7.0,70.0,9.0
739,42.0,21.0,70.0,8.0
740,29.0,18.0,70.0,8.0
741,41.0,21.0,70.0,10.0
742,37.0,45.0,70.0,
743,53.0,45.0,70.0,9.0
744,43.0,102.0,70.0,
745,44.0,45.0,70.0,10.0
746,37.0,21.0,70.0,2.0
747,57.0,18.0,70.0,9.0
748,47.0,45.0,70.0,12.0
749,34.0,45.0,70.0,8.0
750,29.0,45.0,70.0,9.0
751,38.0,45.0,70.0,4.0
752,41.0,45.0,69.0,9.0
753,40.0,45.0,70.0,11.0
754,,,,
755,30.0,88.0,70.0,9.0
756,,,,
757,57.0,21.0,13.0,12.0
758,29.0,102.0,70.0,12.0
759,46.0,45.0,70.0,5.0
760,34.0,102.0,48.0,11.0
761,29.0,62.0,70.0,9.0
762,55.0,102.0,70.0,8.0
763,29.0,3.0,22.0,12.0
764,35.0,102.0,51.0,9.0
765,33.0,104.0,54.0,12.0
766,37.0,45.0,70.0,6.0
767,45.0,45.0,70.0,12.0
768,31.0,45.0,25.0,4.0
769,38.0,21.0,13.0,
770,26.0,45.0,25.0,6.0
771,27.0,91.0,57.0,8.0
772,35.0,45.0,13.0,5.0
773,47.0,45.0,70.0,3.0
774,37.0,45.0,70.0,12.0
775,32.0,45.0,16.0,4.0
776,46.0,45.0,69.0,
777,37.0,45.0,70.0,9.0
778,36.0,102.0,70.0,8.0
779,29.0,51.0,51.0,
780,45.0,45.0,70.0,8.0
781,30.0,45.0,70.0,5.0
782,46.0,102.0,25.0,11.0
783,29.0,102.0,31.0,9.0
784,26.0,102.0,68.0,12.0
785,26.0,45.0,70.0,
786,44.0,45.0,13.0,11.0
787,32.0,45.0,70.0,9.0
788,34.0,102.0,51.0,8.0
789,19.0,102.0,5.0,10.0
790,38.0,40.0,69.0,6.0
791,61.0,45.0,70.0,11.0
792,44.0,45.0,70.0,11.0
793,32.0,22.0,70.0,
794,31.0,45.0,33.0,2.0
795,30.0,21.0,70.0,9.0
796,52.0,102.0,35.0,
797,44.0,102.0,70.0,9.0
798,39.0,45.0,70.0,6.0
799,36.0,45.0,62.0,
800,30.0,,45.0,
801,39.0,102.0,70.0,3.0
802,33.0,102.0,70.0,12.0
803,37.0,45.0,70.0,
804,34.0,102.0,20.0,3.0
805,28.0,45.0,31.0,9.0
806,43.0,21.0,35.0,9.0
807,42.0,102.0,70.0,12.0
808,35.0,102.0,70.0,2.0
809,28.0,91.0,70.0,12.0
810,37.0,102.0,70.0,8.0
811,35.0,91.0,70.0,10.0
812,31.0,102.0,70.0,11.0
813,24.0,45.0,70.0,
814,27.0,21.0,70.0,10.0
815,36.0,45.0,70.0,12.0
816,33.0,102.0,70.0,11.0
817,26.0,40.0,70.0,
818,26.0,45.0,70.0,6.0
819,24.0,45.0,70.0,6.0
820,34.0,45.0,70.0,12.0
821,25.0,45.0,70.0,9.0
822,19.0,91.0,70.0,11.0
823,28.0,40.0,70.0,9.0
824,26.0,102.0,70.0,12.0
825,32.0,102.0,61.0,7.0
826,23.0,102.0,70.0,4.0
827,46.0,40.0,70.0,6.0
828,28.0,45.0,70.0,11.0
829,38.0,41.0,48.0,
830,30.0,21.0,70.0,11.0
831,26.0,45.0,10.0,11.0
832,37.0,72.0,42.0,11.0
833,35.0,45.0,70.0,8.0
834,26.0,21.0,70.0,2.0
835,29.0,21.0,69.0,9.0
836,57.0,45.0,70.0,12.0
837,38.0,45.0,70.0,6.0
838,20.0,21.0,69.0,12.0
839,41.0,40.0,70.0,11.0
840,43.0,102.0,70.0,5.0
841,35.0,45.0,70.0,12.0
842,40.0,91.0,70.0,11.0
843,28.0,102.0,10.0,3.0
844,42.0,45.0,70.0,6.0
845,39.0,102.0,70.0,6.0
846,28.0,40.0,70.0,6.0
847,22.0,100.0,31.0,11.0
848,29.0,119.0,70.0,8.0
849,45.0,45.0,70.0,
850,27.0,21.0,56.0,12.0
851,32.0,18.0,25.0,3.0
852,28.0,45.0,70.0,4.0
853,31.0,102.0,70.0,8.0
854,28.0,45.0,51.0,
855,24.0,89.0,47.0,6.0
856,27.0,21.0,70.0,6.0
857,36.0,89.0,33.0,12.0
858,37.0,45.0,70.0,12.0
859,27.0,21.0,38.0,
860,53.0,21.0,70.0,8.0
861,32.0,45.0,23.0,8.0
862,25.0,37.0,70.0,7.0
863,29.0,1.0,70.0,11.0
864,47.0,45.0,70.0,9.0
865,36.0,45.0,70.0,
866,61.0,45.0,70.0,6.0
867,28.0,102.0,70.0,11.0
868,31.0,45.0,70.0,4.0
869,35.0,45.0,71.0,11.0
870,40.0,45.0,70.0,9.0
871,32.0,45.0,70.0,
872,41.0,45.0,70.0,9.0
873,34.0,40.0,70.0,11.0
874,31.0,21.0,70.0,11.0
875,35.0,21.0,70.0,6.0
876,27.0,21.0,70.0,10.0
877,42.0,21.0,70.0,8.0
878,67.0,21.0,70.0,
879,56.0,102.0,70.0,6.0
880,27.0,21.0,70.0,11.0
881,37.0,21.0,69.0,12.0
882,40.0,45.0,57.0,
883,30.0,21.0,69.0,9.0
884,39.0,45.0,70.0,12.0
885,30.0,21.0,70.0,11.0
886,31.0,102.0,45.0,11.0
887,36.0,45.0,35.0,
888,46.0,45.0,69.0,11.0
889,45.0,21.0,70.0,10.0
890,25.0,102.0,7.0,
891,38.0,89.0,70.0,6.0
892,41.0,100.0,70.0,9.0
893,37.0,45.0,70.0,8.0
894,33.0,91.0,70.0,9.0
895,28.0,60.0,70.0,9.0
896,34.0,91.0,70.0,
897,29.0,89.0,13.0,9.0
898,28.0,91.0,70.0,4.0
899,41.0,45.0,5.0,
900,38.0,45.0,70.0,12.0
901,37.0,48.0,45.0,
902,42.0,45.0,70.0,6.0
903,28.0,21.0,70.0,8.0
904,30.0,102.0,70.0,12.0
905,25.0,21.0,69.0,11.0
906,54.0,45.0,69.0,
907,24.0,102.0,69.0,
908,32.0,102.0,69.0,
909,44.0,45.0,70.0,12.0
910,28.0,68.0,70.0,4.0
911,41.0,21.0,70.0,12.0
912,38.0,102.0,70.0,3.0
913,37.0,12.0,70.0,8.0
914,36.0,45.0,36.0,2.0
915,33.0,100.0,70.0,6.0
916,35.0,21.0,70.0,6.0
917,31.0,45.0,16.0,
918,43.0,45.0,70.0,12.0
919,34.0,40.0,70.0,9.0
920,44.0,21.0,70.0,7.0
921,38.0,45.0,70.0,10.0
922,55.0,100.0,70.0,7.0
923,25.0,40.0,31.0,8.0
924,37.0,45.0,70.0,2.0
925,39.0,45.0,70.0,8.0
926,23.0,102.0,70.0,12.0
927,34.0,89.0,70.0,
928,43.0,40.0,70.0,9.0
929,29.0,45.0,70.0,5.0
930,25.0,45.0,70.0,11.0
931,36.0,46.0,70.0,11.0
932,33.0,45.0,70.0,8.0
933,34.0,102.0,70.0,8.0
934,28.0,100.0,70.0,12.0
935,54.0,117.0,70.0,2.0
936,39.0,102.0,70.0,3.0
937,37.0,80.0,70.0,2.0
938,29.0,100.0,70.0,9.0
939,31.0,45.0,70.0,12.0
940,49.0,45.0,70.0,12.0
941,43.0,45.0,70.0,8.0
942,38.0,110.0,70.0,4.0
943,35.0,91.0,70.0,8.0
944,23.0,45.0,70.0,12.0
945,42.0,45.0,69.0,9.0
946,36.0,102.0,70.0,6.0
947,38.0,45.0,70.0,12.0
948,41.0,45.0,69.0,12.0
949,37.0,89.0,70.0,12.0
950,25.0,102.0,70.0,9.0
951,33.0,45.0,70.0,8.0
952,35.0,28.0,70.0,8.0
953,32.0,21.0,70.0,12.0
954,45.0,,70.0,
955,25.0,22.0,51.0,8.0
956,40.0,10.0,70.0,12.0
957,34.0,45.0,70.0,8.0
958,28.0,45.0,70.0,12.0
959,49.0,40.0,70.0,12.0
960,33.0,91.0,70.0,8.0
961,41.0,7.0,70.0,
962,36.0,100.0,70.0,9.0
963,37.0,45.0,70.0,12.0
964,39.0,45.0,70.0,11.0
965,49.0,25.0,70.0,8.0
966,33.0,45.0,70.0,8.0
967,29.0,,69.0,11.0
968,34.0,40.0,70.0,
969,29.0,45.0,69.0,8.0
970,25.0,45.0,70.0,9.0
971,35.0,45.0,70.0,2.0
972,32.0,45.0,70.0,
973,21.0,45.0,70.0,11.0
974,43.0,40.0,70.0,11.0
975,31.0,21.0,70.0,12.0
976,27.0,11.0,70.0,9.0
977,23.0,52.0,70.0,11.0
978,28.0,102.0,70.0,6.0
979,37.0,21.0,70.0,6.0
980,30.0,102.0,70.0,11.0
981,30.0,40.0,70.0,11.0
982,30.0,14.0,70.0,8.0
983,32.0,18.0,70.0,
984,35.0,40.0,70.0,6.0
985,45.0,21.0,70.0,6.0
986,31.0,91.0,25.0,10.0
987,34.0,21.0,70.0,8.0
988,30.0,45.0,70.0,8.0
989,33.0,70.0,70.0,12.0
990,32.0,45.0,46.0,9.0
991,28.0,91.0,70.0,4.0
992,28.0,45.0,70.0,11.0
993,33.0,45.0,70.0,10.0
994,28.0,21.0,70.0,8.0
995,28.0,21.0,70.0,8.0
996,43.0,45.0,70.0,9.0
997,31.0,21.0,70.0,12.0
998,40.0,91.0,70.0,4.0
999,42.0,21.0,70.0,6.0
1000,38.0,45.0,70.0,9.0
1001,39.0,45.0,70.0,8.0
1002,21.0,45.0,70.0,5.0
1003,32.0,119.0,70.0,8.0
1004,32.0,45.0,70.0,11.0
1005,40.0,46.0,70.0,8.0
1006,35.0,45.0,70.0,
1007,28.0,45.0,70.0,12.0
1008,25.0,21.0,70.0,10.0
1009,37.0,102.0,70.0,12.0
1010,40.0,98.0,70.0,8.0
1011,31.0,21.0,70.0,9.0
1012,47.0,18.0,9.0,
1013,26.0,31.0,70.0,8.0
1014,27.0,21.0,70.0,3.0
1015,46.0,100.0,48.0,11.0
1016,22.0,72.0,70.0,12.0
1017,37.0,21.0,33.0,9.0
1018,27.0,45.0,70.0,8.0
1019,28.0,21.0,70.0,6.0
1020,32.0,91.0,70.0,8.0
1021,33.0,45.0,70.0,8.0
1022,27.0,21.0,70.0,12.0
1023,38.0,91.0,70.0,12.0
1024,31.0,45.0,70.0,
1025,28.0,21.0,70.0,11.0
1026,32.0,21.0,70.0,6.0
1027,30.0,21.0,70.0,3.0
1028,26.0,21.0,70.0,8.0
1029,41.0,21.0,70.0,6.0
1030,39.0,21.0,70.0,8.0
1031,37.0,17.0,70.0,8.0
1032,21.0,21.0,70.0,6.0
1033,38.0,45.0,70.0,
1034,35.0,22.0,70.0,2.0
1035,33.0,21.0,65.0,12.0
1036,38.0,46.0,45.0,9.0
1037,29.0,91.0,70.0,11.0
1038,25.0,21.0,70.0,10.0
1039,41.0,91.0,70.0,8.0
1040,37.0,21.0,70.0,9.0
1041,29.0,45.0,70.0,11.0
1042,45.0,18.0,70.0,8.0
1043,45.0,113.0,25.0,11.0
1044,45.0,21.0,70.0,8.0
1045,30.0,67.0,70.0,12.0
1046,27.0,102.0,70.0,11.0
1047,36.0,13.0,70.0,5.0
1048,44.0,18.0,70.0,4.0
1049,35.0,21.0,70.0,12.0
1050,42.0,111.0,70.0,11.0
1051,26.0,45.0,70.0,12.0
1052,33.0,21.0,70.0,
1053,25.0,31.0,70.0,8.0
1054,36.0,18.0,70.0,6.0
1055,32.0,91.0,70.0,10.0
1056,29.0,21.0,70.0,12.0
1057,29.0,89.0,70.0,12.0
1058,43.0,45.0,70.0,9.0
1059,37.0,45.0,52.0,
1060,26.0,45.0,69.0,4.0
1061,46.0,45.0,70.0,9.0
1062,35.0,21.0,70.0,
1063,37.0,45.0,70.0,
1064,30.0,21.0,70.0,4.0
1065,36.0,45.0,70.0,9.0
1066,31.0,21.0,70.0,6.0
1067,42.0,45.0,23.0,11.0
1068,41.0,80.0,70.0,
1069,33.0,21.0,70.0,12.0
1070,26.0,102.0,70.0,6.0
1071,37.0,100.0,70.0,8.0
1072,36.0,66.0,70.0,8.0
1073,35.0,45.0,21.0,9.0
1074,45.0,102.0,69.0,2.0
1075,23.0,45.0,31.0,11.0
1076,26.0,45.0,70.0,11.0
1077,23.0,45.0,13.0,
1078,26.0,102.0,43.0,5.0
1079,34.0,45.0,70.0,11.0
1080,22.0,45.0,40.0,11.0
1081,42.0,21.0,70.0,5.0
1082,40.0,102.0,43.0,10.0
1083,42.0,45.0,70.0,4.0
1084,35.0,45.0,70.0,9.0
1085,36.0,45.0,70.0,11.0
1086,37.0,45.0,70.0,9.0
1087,31.0,21.0,70.0,2.0
1088,27.0,45.0,70.0,10.0
1089,38.0,45.0,69.0,5.0
1090,32.0,45.0,70.0,11.0
1091,23.0,63.0,70.0,12.0
1092,51.0,45.0,70.0,6.0
1093,26.0,8.0,30.0,9.0
1094,19.0,21.0,70.0,10.0
1095,44.0,45.0,70.0,12.0
1096,42.0,45.0,70.0,10.0
1097,26.0,45.0,70.0,9.0
1098,38.0,45.0,70.0,4.0
1099,26.0,22.0,70.0,9.0
1100,40.0,45.0,27.0,
1101,32.0,45.0,70.0,8.0
1102,39.0,45.0,70.0,8.0
1103,44.0,91.0,70.0,11.0
1104,33.0,21.0,70.0,12.0
1105,38.0,102.0,28.0,8.0
1106,42.0,45.0,5.0,11.0
1107,57.0,45.0,70.0,
1108,28.0,102.0,25.0,2.0
1109,31.0,102.0,23.0,9.0
1110,34.0,45.0,70.0,
1111,35.0,45.0,23.0,9.0
1112,30.0,45.0,70.0,8.0
1113,30.0,45.0,70.0,9.0
1114,35.0,45.0,36.0,
1115,40.0,65.0,70.0,9.0
1116,39.0,102.0,70.0,3.0
1117,24.0,100.0,70.0,9.0
1118,42.0,80.0,70.0,8.0
1119,35.0,45.0,70.0,9.0
1120,34.0,45.0,70.0,12.0
1121,33.0,21.0,70.0,8.0
1122,37.0,45.0,70.0,9.0
1123,36.0,45.0,70.0,2.0
1124,47.0,86.0,70.0,3.0
1125,42.0,45.0,70.0,9.0
1126,29.0,55.0,70.0,12.0
1127,38.0,91.0,24.0,
1128,30.0,100.0,67.0,11.0
1129,30.0,30.0,70.0,
1130,36.0,45.0,51.0,11.0
1131,24.0,21.0,70.0,6.0
1132,41.0,45.0,70.0,6.0
1133,48.0,21.0,70.0,8.0
1134,31.0,52.0,70.0,6.0
1135,65.0,102.0,13.0,8.0
1136,34.0,61.0,70.0,6.0
1137,55.0,21.0,70.0,8.0
1138,33.0,21.0,70.0,
1139,41.0,18.0,70.0,12.0
1140,24.0,21.0,70.0,6.0
1141,27.0,21.0,70.0,2.0
1142,30.0,45.0,13.0,9.0
1143,37.0,102.0,70.0,8.0
1144,61.0,102.0,70.0,11.0
1145,45.0,40.0,45.0,
1146,29.0,45.0,70.0,12.0
1147,41.0,45.0,70.0,8.0
1148,39.0,45.0,62.0,9.0
1149,30.0,45.0,70.0,4.0
1150,46.0,45.0,35.0,6.0
1151,42.0,45.0,62.0,11.0
1152,29.0,72.0,70.0,12.0
1153,34.0,21.0,5.0,12.0
1154,52.0,45.0,70.0,
1155,36.0,102.0,70.0,8.0
1156,34.0,45.0,69.0,9.0
1157,50.0,102.0,6.0,
1158,51.0,45.0,70.0,
1159,35.0,45.0,70.0,9.0
1160,34.0,45.0,70.0,8.0
1161,24.0,97.0,70.0,9.0
1162,37.0,45.0,70.0,9.0
1163,24.0,22.0,70.0,3.0
1164,46.0,45.0,70.0,7.0
1165,31.0,100.0,70.0,12.0
1166,35.0,40.0,70.0,
1167,40.0,46.0,70.0,8.0
1168,28.0,102.0,70.0,11.0
1169,28.0,45.0,70.0,11.0
1170,39.0,45.0,22.0,2.0
1171,31.0,45.0,70.0,2.0
1172,27.0,45.0,70.0,11.0
1173,35.0,45.0,70.0,6.0
1174,25.0,45.0,70.0,9.0
1175,51.0,102.0,70.0,9.0
1176,27.0,45.0,70.0,9.0
1177,37.0,102.0,70.0,8.0
1178,46.0,100.0,70.0,9.0
1179,36.0,91.0,70.0,8.0
1180,39.0,21.0,70.0,9.0
1181,35.0,45.0,70.0,
1182,49.0,,69.0,9.0
1183,45.0,45.0,69.0,11.0
1184,40.0,40.0,69.0,8.0
1185,37.0,102.0,45.0,
1186,31.0,45.0,70.0,12.0
1187,37.0,45.0,70.0,10.0
1188,26.0,91.0,70.0,8.0
1189,43.0,40.0,13.0,2.0
1190,35.0,45.0,70.0,8.0
1191,31.0,102.0,67.0,
1192,32.0,18.0,70.0,8.0
1193,37.0,45.0,70.0,12.0
1194,41.0,45.0,70.0,11.0
1195,40.0,89.0,70.0,8.0
1196,37.0,102.0,70.0,10.0
1197,53.0,39.0,70.0,8.0
1198,29.0,102.0,70.0,11.0
1199,37.0,45.0,70.0,10.0
1200,45.0,91.0,70.0,2.0
1201,26.0,45.0,45.0,11.0
1202,28.0,45.0,70.0,8.0
1203,24.0,21.0,70.0,8.0
1204,27.0,45.0,70.0,8.0
1205,42.0,45.0,70.0,2.0
1206,53.0,21.0,70.0,
1207,34.0,45.0,69.0,2.0
1208,23.0,57.0,69.0,4.0
1209,34.0,40.0,70.0,6.0
1210,27.0,45.0,70.0,11.0
1211,31.0,45.0,70.0,8.0
1212,30.0,45.0,9.0,
1213,58.0,45.0,70.0,
1214,50.0,45.0,70.0,6.0
1215,41.0,45.0,70.0,8.0
1216,40.0,102.0,17.0,9.0
1217,28.0,45.0,9.0,
1218,49.0,38.0,69.0,7.0
1219,37.0,45.0,70.0,6.0
1220,36.0,100.0,70.0,
1221,52.0,45.0,70.0,5.0
1222,33.0,,13.0,6.0
1223,54.0,21.0,13.0,
1224,38.0,45.0,69.0,
1225,64.0,45.0,69.0,
1226,40.0,45.0,69.0,
1227,37.0,45.0,70.0,9.0
1228,53.0,21.0,70.0,6.0
1229,55.0,102.0,69.0,11.0
1230,30.0,45.0,70.0,11.0
1231,35.0,45.0,70.0,4.0
1232,60.0,46.0,13.0,6.0
1233,34.0,91.0,70.0,2.0
1234,35.0,45.0,70.0,6.0
1235,34.0,45.0,70.0,6.0
1236,28.0,45.0,70.0,9.0
1237,28.0,72.0,70.0,9.0
1238,36.0,,69.0,9.0
1239,24.0,45.0,26.0,11.0
1240,50.0,45.0,70.0,
1241,55.0,45.0,70.0,12.0
1242,32.0,45.0,48.0,9.0
1243,33.0,45.0,70.0,10.0
1244,30.0,21.0,52.0,10.0
1245,30.0,45.0,52.0,10.0
1246,34.0,45.0,52.0,8.0
1247,36.0,21.0,52.0,8.0
1248,30.0,45.0,52.0,8.0
1249,29.0,45.0,52.0,7.0
1250,34.0,40.0,52.0,10.0
1251,40.0,40.0,52.0,8.0
1252,31.0,56.0,52.0,10.0
1253,27.0,53.0,52.0,8.0
1254,47.0,40.0,70.0,6.0
1255,24.0,21.0,70.0,2.0
1256,36.0,45.0,52.0,8.0
1257,28.0,102.0,52.0,8.0
1258,34.0,45.0,69.0,10.0
1259,28.0,45.0,52.0,8.0
1260,36.0,40.0,52.0,10.0
1261,24.0,102.0,52.0,8.0
1262,32.0,15.0,70.0,11.0
1263,33.0,45.0,69.0,3.0
1264,39.0,45.0,70.0,8.0
1265,26.0,91.0,70.0,6.0
1266,32.0,21.0,70.0,8.0
1267,42.0,45.0,69.0,9.0
1268,41.0,40.0,70.0,12.0
1269,32.0,45.0,13.0,8.0
1270,32.0,18.0,70.0,6.0
1271,31.0,21.0,70.0,8.0
1272,34.0,57.0,65.0,8.0
1273,36.0,,69.0,12.0
1274,33.0,102.0,65.0,8.0
1275,30.0,102.0,70.0,9.0
1276,45.0,21.0,70.0,9.0
1277,30.0,45.0,70.0,12.0
1278,48.0,45.0,69.0,
1279,29.0,45.0,52.0,8.0
1280,35.0,26.0,13.0,
1281,41.0,45.0,70.0,8.0
1282,27.0,18.0,70.0,3.0
1283,42.0,45.0,70.0,11.0
1284,32.0,102.0,70.0,8.0
1285,32.0,45.0,70.0,8.0
1286,20.0,72.0,70.0,7.0
1287,24.0,119.0,70.0,
1288,,102.0,70.0,4.0
1289,38.0,45.0,70.0,9.0
1290,31.0,45.0,70.0,11.0
1291,26.0,40.0,70.0,9.0
1292,40.0,45.0,70.0,9.0
1293,30.0,102.0,70.0,5.0
1294,38.0,45.0,70.0,3.0
1295,28.0,102.0,70.0,12.0
1296,28.0,21.0,49.0,6.0
1297,30.0,45.0,70.0,12.0
1298,23.0,60.0,70.0,6.0
1299,30.0,102.0,70.0,12.0
1300,33.0,91.0,70.0,6.0
1301,53.0,21.0,70.0,4.0
1302,38.0,45.0,70.0,6.0
1303,34.0,102.0,51.0,9.0
1304,40.0,45.0,70.0,6.0
1305,42.0,45.0,70.0,12.0
1306,42.0,45.0,70.0,11.0
1307,38.0,45.0,13.0,3.0
1308,33.0,76.0,70.0,6.0
1309,35.0,45.0,70.0,8.0
1310,27.0,21.0,62.0,8.0
1311,28.0,21.0,67.0,6.0
1312,42.0,45.0,31.0,12.0
1313,35.0,89.0,10.0,12.0
1314,40.0,45.0,70.0,6.0
1315,54.0,91.0,70.0,2.0
1316,37.0,102.0,70.0,8.0
1317,26.0,21.0,70.0,6.0
1318,37.0,45.0,10.0,2.0
1319,49.0,21.0,70.0,6.0
1320,23.0,45.0,70.0,6.0
1321,42.0,21.0,69.0,8.0
1322,49.0,45.0,45.0,12.0
1323,38.0,102.0,51.0,
1324,41.0,18.0,69.0,8.0
1325,33.0,102.0,69.0,8.0
1326,27.0,52.0,70.0,9.0
1327,47.0,102.0,69.0,6.0
1328,28.0,45.0,70.0,8.0
1329,49.0,21.0,13.0,12.0
1330,23.0,45.0,69.0,6.0
1331,23.0,64.0,70.0,6.0
1332,38.0,80.0,70.0,
1333,45.0,45.0,70.0,7.0
1334,35.0,102.0,70.0,
1335,51.0,45.0,6.0,
1336,34.0,91.0,70.0,
1337,29.0,102.0,70.0,9.0
1338,40.0,45.0,70.0,9.0
1339,38.0,102.0,25.0,
1340,32.0,7.0,70.0,9.0
1341,22.0,91.0,70.0,12.0
1342,28.0,45.0,70.0,7.0
1343,29.0,91.0,70.0,12.0
1344,32.0,36.0,70.0,
1345,38.0,91.0,70.0,8.0
1346,30.0,45.0,70.0,9.0
1347,37.0,21.0,70.0,6.0
1348,38.0,21.0,70.0,12.0
1349,51.0,18.0,70.0,8.0
1350,39.0,45.0,70.0,6.0
1351,22.0,45.0,70.0,6.0
1352,26.0,45.0,70.0,12.0
1353,42.0,100.0,70.0,2.0
1354,49.0,102.0,69.0,2.0
1355,48.0,45.0,69.0,12.0
1356,25.0,102.0,25.0,6.0
1357,31.0,45.0,34.0,11.0
1358,63.0,45.0,70.0,7.0
1359,30.0,21.0,67.0,12.0
1360,34.0,102.0,65.0,8.0
1361,41.0,45.0,45.0,8.0
1362,31.0,45.0,48.0,6.0
1363,29.0,72.0,48.0,6.0
1364,29.0,45.0,70.0,6.0
1365,44.0,114.0,70.0,
1366,32.0,102.0,70.0,12.0
1367,28.0,45.0,48.0,6.0
1368,36.0,45.0,70.0,6.0
1369,28.0,82.0,70.0,12.0
1370,30.0,21.0,70.0,
1371,36.0,45.0,70.0,6.0
1372,40.0,45.0,70.0,11.0
1373,27.0,45.0,70.0,8.0
1374,28.0,91.0,48.0,6.0
1375,34.0,102.0,70.0,12.0
1376,34.0,45.0,70.0,11.0
1377,34.0,21.0,70.0,
1378,27.0,21.0,70.0,8.0
1379,44.0,91.0,70.0,12.0
1380,36.0,45.0,43.0,2.0
1381,31.0,91.0,70.0,6.0
1382,26.0,4.0,70.0,8.0
1383,39.0,102.0,70.0,11.0
1384,36.0,21.0,70.0,6.0
1385,25.0,21.0,70.0,11.0
1386,47.0,100.0,65.0,6.0
1387,38.0,45.0,69.0,6.0
1388,33.0,102.0,13.0,9.0
1389,59.0,22.0,69.0,
1390,39.0,45.0,70.0,8.0
1391,19.0,91.0,70.0,8.0
1392,35.0,45.0,70.0,5.0
1393,38.0,102.0,70.0,9.0
1394,23.0,96.0,35.0,8.0
1395,32.0,45.0,70.0,6.0
1396,39.0,102.0,70.0,
1397,33.0,45.0,70.0,6.0
1398,38.0,21.0,46.0,10.0
1399,42.0,45.0,70.0,9.0
1400,39.0,91.0,70.0,10.0
1401,30.0,45.0,62.0,12.0
1402,39.0,102.0,25.0,8.0
1403,50.0,102.0,35.0,10.0
1404,43.0,2.0,52.0,2.0
1405,59.0,21.0,70.0,
1406,53.0,102.0,70.0,6.0
1407,35.0,45.0,70.0,11.0
1408,27.0,21.0,13.0,11.0
1409,24.0,91.0,13.0,11.0
1410,29.0,68.0,70.0,11.0
1411,40.0,91.0,33.0,12.0
1412,27.0,45.0,23.0,8.0
1413,46.0,45.0,13.0,
1414,39.0,102.0,13.0,8.0
1415,19.0,107.0,3.0,
1416,28.0,102.0,28.0,10.0
1417,30.0,45.0,70.0,6.0
1418,29.0,21.0,70.0,12.0
1419,24.0,45.0,70.0,6.0
1420,25.0,21.0,70.0,12.0
1421,45.0,40.0,69.0,4.0
1422,37.0,45.0,70.0,12.0
1423,22.0,45.0,70.0,11.0
1424,35.0,21.0,70.0,10.0
1425,50.0,45.0,70.0,6.0
1426,45.0,45.0,70.0,12.0
1427,49.0,45.0,69.0,2.0
1428,40.0,45.0,69.0,2.0
1429,32.0,45.0,62.0,
1430,38.0,18.0,49.0,10.0
1431,37.0,40.0,70.0,6.0
1432,28.0,72.0,70.0,8.0
1433,25.0,100.0,70.0,12.0
1434,28.0,45.0,10.0,
1435,38.0,45.0,10.0,11.0
1436,25.0,102.0,31.0,9.0
1437,49.0,102.0,13.0,11.0
1438,19.0,108.0,10.0,6.0
1439,43.0,102.0,10.0,
1440,31.0,45.0,10.0,4.0
1441,30.0,45.0,10.0,6.0
1442,39.0,102.0,10.0,6.0
1443,22.0,102.0,10.0,2.0
1444,29.0,45.0,10.0,6.0
1445,30.0,45.0,10.0,
1446,32.0,102.0,10.0,9.0
1447,41.0,45.0,10.0,6.0
1448,27.0,18.0,10.0,6.0
1449,19.0,91.0,32.0,
1450,27.0,45.0,70.0,10.0
1451,31.0,45.0,10.0,
1452,25.0,21.0,61.0,
1453,36.0,102.0,31.0,12.0
1454,28.0,18.0,70.0,5.0
1455,27.0,89.0,70.0,10.0
1456,47.0,,70.0,9.0
1457,25.0,45.0,31.0,9.0
1458,30.0,91.0,70.0,8.0
1459,45.0,40.0,70.0,2.0
1460,41.0,35.0,1.0,
1461,24.0,21.0,61.0,11.0
1462,26.0,22.0,70.0,12.0
1463,32.0,91.0,70.0,12.0
1464,43.0,91.0,70.0,12.0
1465,37.0,45.0,70.0,
1466,51.0,44.0,70.0,4.0
1467,56.0,45.0,70.0,
1468,30.0,45.0,70.0,4.0
1469,48.0,69.0,70.0,9.0
1470,28.0,21.0,70.0,8.0
1471,26.0,21.0,70.0,11.0
1472,45.0,102.0,70.0,5.0
1473,37.0,100.0,20.0,9.0
1474,42.0,21.0,69.0,8.0
1475,34.0,45.0,70.0,9.0
1476,35.0,21.0,31.0,12.0
1477,28.0,102.0,43.0,6.0
1478,26.0,45.0,31.0,9.0
1479,34.0,18.0,31.0,2.0
1480,28.0,,31.0,12.0
1481,34.0,21.0,70.0,8.0
1482,45.0,45.0,33.0,
1483,59.0,21.0,69.0,
1484,41.0,45.0,70.0,9.0
1485,38.0,,70.0,6.0
1486,42.0,21.0,70.0,12.0
1487,21.0,45.0,70.0,8.0
1488,30.0,91.0,70.0,9.0
1489,46.0,6.0,70.0,8.0
1490,36.0,91.0,70.0,
1491,41.0,45.0,31.0,12.0
1492,33.0,21.0,52.0,
1493,41.0,100.0,20.0,7.0
1494,25.0,45.0,69.0,6.0
1495,27.0,76.0,25.0,11.0
1496,47.0,21.0,70.0,12.0
1497,24.0,45.0,70.0,9.0
1498,40.0,102.0,70.0,12.0
1499,37.0,40.0,70.0,8.0
1500,38.0,45.0,70.0,12.0
1501,47.0,45.0,70.0,12.0
1502,30.0,21.0,70.0,12.0
1503,24.0,21.0,70.0,3.0
1504,38.0,21.0,70.0,6.0
1505,42.0,45.0,13.0,11.0
1506,39.0,45.0,27.0,8.0
1507,42.0,45.0,70.0,12.0
1508,47.0,102.0,70.0,6.0
1509,29.0,45.0,51.0,12.0
1510,55.0,40.0,70.0,12.0
1511,34.0,58.0,70.0,10.0
1512,45.0,45.0,36.0,12.0
1513,46.0,102.0,69.0,6.0
1514,23.0,21.0,31.0,6.0
1515,22.0,91.0,70.0,2.0
1516,30.0,45.0,46.0,9.0
1517,27.0,45.0,70.0,
1518,42.0,21.0,70.0,8.0
1519,26.0,29.0,10.0,9.0
1520,31.0,91.0,70.0,11.0
1521,27.0,102.0,31.0,6.0
1522,48.0,100.0,70.0,
1523,50.0,40.0,31.0,
1524,30.0,91.0,31.0,12.0
1525,24.0,23.0,70.0,12.0
1526,45.0,45.0,70.0,
1527,24.0,91.0,54.0,
1528,46.0,45.0,31.0,
1529,25.0,21.0,13.0,
1530,25.0,18.0,13.0,
1531,,89.0,70.0,
1532,,,36.0,
1533,35.0,45.0,70.0,
1534,34.0,91.0,33.0,
1535,23.0,21.0,67.0,
1536,42.0,91.0,70.0,
1537,54.0,102.0,70.0,
1538,40.0,21.0,13.0,
1539,36.0,21.0,70.0,
1540,30.0,102.0,5.0,
1541,22.0,102.0,44.0,
1542,21.0,21.0,70.0,
1543,46.0,102.0,70.0,
1544,63.0,45.0,69.0,
1545,20.0,45.0,12.0,
1546,24.0,101.0,49.0,
1547,44.0,45.0,10.0,
1548,35.0,102.0,31.0,
1549,30.0,21.0,5.0,
1550,23.0,21.0,54.0,
1551,26.0,102.0,70.0,6.0
1552,32.0,45.0,31.0,10.0
1553,34.0,45.0,70.0,11.0
1554,44.0,91.0,70.0,9.0
1555,33.0,40.0,31.0,10.0
1556,38.0,45.0,50.0,12.0
1557,45.0,100.0,70.0,6.0
1558,27.0,18.0,31.0,12.0
1559,21.0,102.0,63.0,9.0
1560,30.0,21.0,70.0,12.0
1561,44.0,45.0,31.0,6.0
1562,32.0,45.0,10.0,6.0
1563,39.0,89.0,31.0,12.0
1564,27.0,72.0,51.0,2.0
1565,34.0,45.0,70.0,12.0
1566,30.0,102.0,66.0,9.0
1567,24.0,45.0,5.0,9.0
1568,50.0,45.0,31.0,12.0
1569,27.0,45.0,70.0,12.0
1570,28.0,45.0,69.0,8.0
1571,27.0,91.0,31.0,12.0
1572,34.0,45.0,70.0,10.0
1573,42.0,40.0,31.0,8.0
1574,22.0,,32.0,10.0
1575,28.0,91.0,31.0,8.0
1576,36.0,45.0,70.0,9.0
1577,41.0,45.0,31.0,6.0
1578,30.0,102.0,70.0,11.0
1579,34.0,102.0,5.0,2.0
1580,23.0,91.0,25.0,6.0
1581,29.0,91.0,10.0,6.0
1582,58.0,102.0,70.0,4.0
1583,40.0,45.0,45.0,2.0
1584,32.0,45.0,14.0,8.0
1585,30.0,45.0,52.0,8.0
1586,33.0,20.0,70.0,4.0
1587,22.0,89.0,45.0,3.0
1588,30.0,18.0,70.0,12.0
1589,34.0,45.0,61.0,11.0
1590,44.0,45.0,70.0,5.0
1591,30.0,45.0,70.0,9.0
1592,39.0,45.0,70.0,2.0
1593,48.0,40.0,31.0,10.0
1594,26.0,45.0,70.0,3.0
1595,28.0,91.0,25.0,3.0
1596,36.0,45.0,70.0,12.0
1597,37.0,45.0,13.0,11.0
1598,42.0,45.0,70.0,12.0
1599,31.0,45.0,10.0,12.0
1600,22.0,102.0,62.0,6.0
1601,40.0,102.0,62.0,8.0
1602,50.0,40.0,70.0,12.0
1603,31.0,91.0,31.0,12.0
1604,29.0,94.0,13.0,12.0
1605,40.0,45.0,31.0,2.0
1606,33.0,91.0,13.0,6.0
1607,29.0,45.0,64.0,9.0
1608,27.0,91.0,70.0,12.0
1609,36.0,45.0,70.0,12.0
1610,33.0,21.0,70.0,6.0
1611,40.0,45.0,64.0,11.0
1612,42.0,45.0,13.0,9.0
1613,31.0,45.0,69.0,10.0
1614,35.0,91.0,44.0,6.0
1615,46.0,102.0,70.0,6.0
1616,54.0,91.0,70.0,8.0
1617,33.0,45.0,31.0,4.0
1618,40.0,21.0,31.0,8.0
1619,23.0,21.0,57.0,2.0
1620,32.0,45.0,70.0,10.0
1621,26.0,72.0,70.0,12.0
1622,30.0,45.0,25.0,6.0
1623,30.0,45.0,31.0,12.0
1624,44.0,102.0,70.0,9.0
1625,37.0,45.0,70.0,8.0
1626,37.0,45.0,31.0,12.0
1627,29.0,21.0,10.0,10.0
1628,39.0,102.0,70.0,9.0
1629,20.0,45.0,62.0,11.0
1630,44.0,45.0,70.0,8.0
1631,23.0,102.0,19.0,9.0
1632,22.0,21.0,70.0,12.0
1633,31.0,91.0,70.0,12.0
1634,59.0,102.0,70.0,3.0
1635,30.0,21.0,31.0,6.0
1636,48.0,18.0,70.0,3.0
1637,30.0,91.0,31.0,12.0
1638,23.0,102.0,25.0,12.0
1639,27.0,45.0,70.0,4.0
1640,53.0,91.0,70.0,9.0
1641,62.0,45.0,70.0,4.0
1642,32.0,109.0,70.0,12.0
1643,34.0,45.0,31.0,12.0
1644,29.0,102.0,31.0,6.0
1645,32.0,21.0,31.0,6.0
1646,46.0,45.0,10.0,4.0
1647,42.0,102.0,45.0,12.0
1648,32.0,45.0,68.0,9.0
1649,28.0,102.0,30.0,6.0
1650,45.0,45.0,70.0,11.0
1651,29.0,21.0,62.0,9.0
1652,27.0,40.0,16.0,6.0
1653,47.0,102.0,45.0,11.0
1654,24.0,21.0,50.0,8.0
1655,32.0,91.0,70.0,6.0
1656,26.0,45.0,70.0,2.0
1657,34.0,102.0,25.0,2.0
1658,45.0,87.0,70.0,9.0
1659,21.0,21.0,70.0,12.0
1660,44.0,21.0,31.0,2.0
1661,47.0,102.0,31.0,12.0
1662,40.0,45.0,10.0,12.0
1663,25.0,21.0,41.0,2.0
1664,24.0,21.0,70.0,12.0
1665,26.0,91.0,32.0,12.0
1666,31.0,102.0,61.0,11.0
1667,26.0,91.0,51.0,10.0
1668,32.0,45.0,31.0,6.0
1669,33.0,21.0,31.0,6.0
1670,42.0,18.0,70.0,4.0
1671,46.0,45.0,69.0,8.0
1672,30.0,100.0,70.0,12.0
1673,24.0,45.0,31.0,12.0
1674,42.0,100.0,31.0,3.0
1675,28.0,102.0,31.0,6.0
1676,27.0,21.0,70.0,12.0
1677,62.0,45.0,70.0,6.0
1678,34.0,102.0,67.0,6.0
1679,38.0,45.0,62.0,10.0
1680,42.0,45.0,62.0,9.0
1681,35.0,102.0,70.0,12.0
1682,32.0,45.0,69.0,6.0
1683,32.0,21.0,70.0,9.0
1684,25.0,91.0,63.0,9.0
1685,52.0,45.0,5.0,6.0
1686,24.0,18.0,23.0,6.0
1687,24.0,42.0,7.0,7.0
1688,48.0,18.0,70.0,12.0
1689,24.0,45.0,13.0,3.0
1690,32.0,45.0,13.0,12.0
1691,21.0,45.0,33.0,12.0
1692,34.0,102.0,70.0,2.0
1693,25.0,45.0,13.0,6.0
1694,39.0,45.0,70.0,9.0
1695,25.0,45.0,31.0,12.0
1696,28.0,18.0,23.0,6.0
1697,39.0,45.0,70.0,12.0
1698,20.0,100.0,69.0,4.0
1699,40.0,21.0,69.0,9.0
1700,31.0,102.0,31.0,12.0
1701,53.0,45.0,70.0,6.0
1702,23.0,18.0,50.0,9.0
1703,34.0,45.0,70.0,8.0
1704,43.0,45.0,13.0,4.0
1705,37.0,102.0,45.0,10.0
1706,28.0,21.0,70.0,9.0
1707,41.0,102.0,10.0,10.0
1708,35.0,45.0,10.0,8.0
1709,20.0,102.0,35.0,
1710,35.0,91.0,13.0,6.0
1711,30.0,21.0,70.0,11.0
1712,34.0,91.0,70.0,12.0
1713,23.0,91.0,25.0,6.0
1714,19.0,21.0,31.0,12.0
1715,34.0,89.0,8.0,
1716,25.0,45.0,25.0,6.0
1717,29.0,45.0,31.0,9.0
1718,40.0,18.0,25.0,3.0
1719,26.0,91.0,40.0,8.0
1720,25.0,45.0,40.0,8.0
1721,24.0,21.0,40.0,9.0
1722,25.0,89.0,60.0,2.0
1723,22.0,45.0,2.0,9.0
1724,27.0,102.0,40.0,9.0
1725,25.0,91.0,60.0,5.0
1726,25.0,21.0,60.0,10.0
1727,23.0,45.0,60.0,7.0
1728,27.0,21.0,60.0,6.0
1729,33.0,45.0,70.0,6.0
1730,22.0,45.0,31.0,12.0
1731,45.0,119.0,6.0,9.0
1732,25.0,21.0,40.0,12.0
1733,22.0,21.0,31.0,12.0
1734,36.0,21.0,70.0,4.0
1735,42.0,75.0,70.0,8.0
1736,39.0,45.0,31.0,
1737,51.0,21.0,70.0,2.0
1738,27.0,21.0,70.0,6.0
1739,19.0,45.0,70.0,2.0
1740,,102.0,31.0,
1741,25.0,102.0,38.0,5.0
1742,39.0,102.0,70.0,6.0
1743,47.0,41.0,5.0,7.0
1744,,,70.0,1.0
1745,36.0,21.0,70.0,6.0
1746,57.0,53.0,10.0,9.0
1747,34.0,102.0,10.0,8.0
1748,26.0,45.0,10.0,12.0
1749,24.0,21.0,70.0,5.0
1750,26.0,23.0,70.0,4.0
1751,21.0,77.0,55.0,8.0
1752,32.0,21.0,31.0,
1753,25.0,91.0,10.0,4.0
1754,31.0,45.0,10.0,2.0
1755,28.0,45.0,31.0,6.0
1756,27.0,21.0,70.0,12.0
1757,36.0,45.0,70.0,9.0
1758,40.0,91.0,70.0,12.0
1759,27.0,45.0,70.0,10.0
1760,25.0,91.0,72.0,11.0
1761,31.0,45.0,70.0,8.0
1762,35.0,91.0,31.0,8.0
1763,22.0,100.0,31.0,8.0
1764,42.0,106.0,70.0,12.0
1765,38.0,45.0,31.0,12.0
1766,38.0,91.0,70.0,6.0
1767,31.0,99.0,10.0,11.0
1768,29.0,102.0,25.0,6.0
1769,44.0,21.0,70.0,9.0
1770,21.0,45.0,32.0,11.0
1771,63.0,102.0,31.0,
1772,30.0,119.0,65.0,6.0
1773,33.0,102.0,70.0,4.0
1774,43.0,45.0,70.0,6.0
1775,20.0,100.0,32.0,
1776,21.0,102.0,22.0,8.0
1777,22.0,102.0,70.0,3.0
1778,23.0,91.0,31.0,12.0
1779,34.0,45.0,70.0,12.0
1780,27.0,119.0,67.0,
1781,25.0,21.0,51.0,
1782,21.0,21.0,69.0,12.0
1783,49.0,45.0,70.0,12.0
1784,22.0,20.0,47.0,2.0
1785,35.0,21.0,70.0,12.0
1786,25.0,91.0,11.0,1.0
1787,38.0,45.0,31.0,
1788,38.0,102.0,20.0,12.0
1789,30.0,40.0,31.0,12.0
1790,41.0,84.0,70.0,12.0
1791,36.0,80.0,16.0,9.0
1792,23.0,21.0,70.0,3.0
1793,21.0,102.0,70.0,
1794,25.0,45.0,45.0,5.0
1795,32.0,45.0,34.0,11.0
1796,41.0,102.0,34.0,9.0
1797,23.0,21.0,70.0,
1798,45.0,102.0,13.0,2.0
1799,23.0,45.0,7.0,12.0
1800,21.0,100.0,31.0,9.0
1801,51.0,45.0,70.0,6.0
1802,21.0,21.0,31.0,12.0
1803,38.0,45.0,70.0,8.0
1804,31.0,21.0,70.0,3.0
1805,24.0,21.0,69.0,12.0
1806,29.0,40.0,70.0,8.0
1807,27.0,21.0,31.0,10.0
1808,25.0,21.0,70.0,10.0
1809,47.0,119.0,70.0,12.0
1810,30.0,21.0,70.0,12.0
1811,33.0,91.0,70.0,12.0
1812,23.0,57.0,5.0,12.0
1813,37.0,45.0,70.0,12.0
1814,30.0,21.0,70.0,12.0
1815,36.0,59.0,70.0,12.0
1816,42.0,45.0,27.0,8.0
1817,40.0,18.0,70.0,9.0
1818,23.0,91.0,15.0,12.0
1819,45.0,45.0,70.0,8.0
1820,30.0,45.0,31.0,12.0
1821,34.0,91.0,25.0,6.0
1822,45.0,45.0,70.0,3.0
1823,30.0,21.0,70.0,2.0
1824,22.0,18.0,31.0,6.0
1825,28.0,102.0,35.0,11.0
1826,37.0,45.0,35.0,12.0
1827,23.0,45.0,61.0,
1828,35.0,45.0,70.0,6.0
1829,34.0,45.0,45.0,
1830,46.0,45.0,70.0,11.0
1831,33.0,45.0,25.0,
1832,33.0,45.0,25.0,9.0
1833,49.0,45.0,52.0,8.0
1834,28.0,,49.0,
1835,26.0,45.0,31.0,
1836,38.0,102.0,60.0,9.0
